question,answer
Reptiles are described by what term that means their internal temperature depends on the temperature of their environment?,['ectothermic']
How do very massive stars end their lives?,['supernova']
"Circulating the air prevents ethylene from accumulating, and carbon dioxide inhibits synthesis of new what?",['methylthiogalactoside']
How do animals obtain nitrogen?,['by eating plants']
Which system are the brain and spinal cord apart of?,['central']
What is the most abundant metal of the earth's crust?,['silicon']
"Foodborne illness, food allergies, or a food intolerance cause symptoms in what system?",['digestive system']
What are the two types of digestive systems invertebrates may have?,['gastrointestinal system']
"Control of the body can be somatic or autonomic, offering one way to divide what organ system by function?",['somatic and autonomic']
What is required to move or change matter from one state to another?,['energy']
What is the name of the molecule which has one carbon and four hydrogen atoms?,['hydrogen cyanide']
The added nutrients from fertilizer often cause excessive growth of what organism?,['algae']
All the atoms of a given element have the same number what?,['proton number']
What rock group offers the richest source of fossils?,['sedimentary rocks']
What is matter in the universe that does not emit light called?,['dark matter']
"What term, calculated by multiplying heart contractions by stroke volume, means the volume of blood pumped by the heart in one minute?",['left ventricle cardiac output']
Cells that have a nucleus and other organelles which are membrane-bound are generally called what kinds of cells?,['eukaryotic cells']
The bird ancestor that lived in trees developed what feature commonly associated with birds?,['feathers']
"When equal amounts of a strong acid such as hydrochloric acid are mixed with a strong base such as sodium hydroxide, the result is what kind of solution?",['neutralization']
What is another word for cellular drinking?,['osmosis']
Reacting with metal is one thing that distinguishes acids from what?,['bases']
Toxins and poisons are ______ enzyme inhibitos,['active']
"After a supernova, what part of a star remains?",['neutron star or black hole']
There are 20 different common amino acids needed to make what organic compound?,['protein PREVIOUS POST Previous post: How to become a robotics engineer NEXT POST Next post: How to become an art therapist']
What part of the neuron is a large structure with a central nucleus?,['cell body']
What come together to create continents and supercontinents?,['the plate tectonics theory of continental drift']
"Known for its beautiful rings, what is the second largest planet in the solar system?",['Saturn']
What forms when secondary alcohols oxidize?,['peroxide']
What percentage of the field is tilled in traditional plowing?,['100%']
Only after implantation can an embryo develop into a what?,['a fetus']
Telomerase is typically active in germ cells and adult what?,['tissue']
"What system enters the brain stem and influences activity in the cerebellum, spinal cord, and cerebral cortex?",['ascending spinothalamic tract']
"While ecosystems need a constant input of energy for their organisms, what do ecosystems recycle?",['organic material']
Honeybees doing the waggle dance or spiders spinning a web are examples of what type of behavior?,['symbolic behavior']
"Temperature, water, soil, and air are examples of nonliving factors of an ecosystem, also termed what?",['abiotic factors']
What are the little sacs at the end of the bronchioles called?,['alveolus']
"Monosaccharides, disaccharides, and polysaccharides are types of what kind of macromolecule?",['carbohydrates']
Aspirin and ibuprofen reduce pain by inhibiting the synthesis of what?,['prosthetic syntheses. ’s turn! Ask an Assistant a Question. ASSISTANT: Do you use a tone that is techie and serious?']
"Proteins are categorized according to shape and what property, which correlates with it?",['intramolecular polarity']
How many chambers are there in a bird's heart?,['two']
What soil is common in deciduous forests?,['black soil']
"Connecting a magnesium rod to an underground steel pipeline protects the pipeline from corrosion. because magnesium (e° = −2.37 v) is much more easily oxidized than iron (e° = −0.45 v), the mg rod acts as the anode in a what?",['electrolytic cell']
What is the outer layer of the exoskeleton called?,['epidermis']
What type of lens is thicker at the edges than it is in the middle?,"['convex lens You may use as many questions as you want. I\'ll stop at any time. I only want the right answer, like don\'t answer ""roots"" as ""tissues"", just that ""tissues""']"
Water can be broken down into hydrogen and oxygen gases by the addition of what?,['hydroxide ion']
"A rock that contains important minerals is called what, a term associated with mining?",['ore']
Which planet is named after the roman goddess of love?,['Venus']
"In multicellular organisms, essential biological functions are carried out by what?",['cell']
"What cycle occurs in women of reproductive age, as a long as a sperm does not enter an egg?",['menstrual cycle']
What are plants that are adapted to very dry environments called?,['xerophytes']
What opens two strands of dna?,['helicase']
What happens to water when it freezes?,['becomes solid']
Icy objects that have very elliptical orbits around the sun are called?,['meteoroids']
What adaptation helps prey hide and predators sneak up on prey?,['camouflage']
What system does addictive drugs affect?,['central']
How are the fetuses of eutherian mammals connected to their mothers during gestation?,['placenta']
"What is the most abundant of all vertebrate classes, and the most recent to evolve?",['invertebrates']
"With wavelengths from 400-700 nm, what kind of light represents only a very small portion of the spectrum?",['visible light']
What phase does the cell make final preparations to divide?,['G1 phase']
Hypersection by an endocrine gland is often caused by what?,['a tumor in the hyperplasia']
What is the phenotypic range of a particular genotype called?,['gene frequency']
A series of arches that support the gills of aquatic amphibians and fish are known as what?,['gill arches']
What is essential for population of all species to expand greatly?,['mutation']
"Expansion of a gas into a vacuum is irreversible because the external pressure is measurably less than the internal pressure of the gas, and no states of what exist?",['equilibrium']
"Penis, testes, and epididymis are organs in what system?",['the male reproductive system']
What are cells without a nucleus called?,['eukaryotic']
Ions flow through atp synthase from the thylakoid space into the stroma in a process called known as what?,['ATP creation']
"The small, rocky bodies that orbit the sun are called what?",['asteroids']
Lenses that focus light are called what?,['magnifying']
Melting ice is drastically impacting the number of what at glacier national park?,['plant and insect life']
What is a solution with a ph lower than 7 called?,['acidic']
Water is used by the plant to move materials up from the roots to make what?,['stems']
"Associated with hair follicles, what type of oil gland is found all over the body and helps to lubricate and waterproof the skin and hair?",['Sebaceous glands']
Paramecium possess tiny hair-like cilia that help them do what?,['swim in water']
Quarks are very tiny particles of matter that make up what?,['atomic nucleus']
What do we call a simple machine that consists of a rope and grooved wheel?,['pulley']
Some types of minerals form balls called what?,['amphiboles']
What holds together adenine and thymine?,['base pair']
The efficiency of a machine is a measure of how well it reduces what force?,['friction']
What kind of organisms helps hold soil in place to slow erosion?,['plant']
What is the si unit for weight?,['kilogram']
"Sponges exemplify what type of arrangement, where different cells are specialized for different functions, but each cell works alone?",['multicellularity']
What kind of weather can you expect if a center of low pressure is moving your way?,['a gust of rain']
The sun gives off energy in tiny packets called what?,['electromagnetic radiation']
Many species of flowering plants have coevolved with specific what?,['pollinator']
What symbol is used to indicate directionality in chemical reactions?,['arrow']
Salts that are neither acidic nor basic do not affect what property of the solution when dissolved in water?,['pH']
What kind of hormones serve many functions in addition to promoting gamete production?,['sex hormones']
Most hydrogen atoms have how many protons?,['one']
What causes the alpine tundra to be so cold?,['low temperatures']
"When a nerve impulse reaches the end of an axon, what are the chemicals released by the axon called?",['neurotransmitters']
Some bacteria cannot be cultured because they are obligate intracellular parasites and cannot be grown outside what?,['A cell membrane']
What geologic era is also known as the age of mammals?,['Cretaceous']
Which two major innovations allowed seed plants to reproduce in the absence of water?,['seed formation and root formation']
What blood-carrying structures contain one-way valves that contribute to the return of blood to the heart?,['capillaries']
What do seeds have that spores do not?,['starch storage products']
"In weather terms, what do you call the boundary between two air masses?",['front of pressure']
Downhill skiiers gain little advantage from a running start because the initial kinetic energy is small compared with the gain in what other energy form?,['gravitational potential energy']
Myofibrils are long cylindrical structures that lie parallel to and run the entire length of what fibers?,['muscle fibers']
"During a human pregnancy, which trimester exhibits the greatest growth of the fetus and culminates in labor and delivery?",['third']
"What nervous system is divided into two parts, the sensory division and the motor division?",['the CNS']
Hormones are often regulated through what?,['negative feedback']
A fever also causes the immune system to make more of what?,['white blood cells']
"Only about one percent of plants have lost what ability, turning them into consumers and even predators, instead of producers?",['photosynthesis']
"Because optics fibers are thin, entering light may strike the inside surface at greater than the critical angle, requiring attention to what?",['total internal reflection']
What kind of waves are used in radar guns?,['electromagnetic waves']
"Many species of rotifers exhibit haplodiploidy, which is a method of what?",['sexual reproduction']
Gymnamoebas constitute a large and varied group of what?,['protists']
What takes place where septa is found?,['constriction']
What does the gradient of bicoid protein determine?,['dorsal- ventral position in the worm']
Atoms of different elements have different numbers of what?,['protons']
"In the body, in which organ does chemical digestion mainly take place?",['stomach']
What refers to the ability to change or move matter and is required by all life processes and living things?,['metabolism']
"The three parts of the human small intestine is the duodenum, jejunum, and what?",['ileum']
Why is the life cycle of plants so complex?,['It involves the transition from one form to another.']
What kind of drugs are formulated to help deal with hiv and herpes as well as influenza and two types of hepatitis?,['antiviral drugs']
What kind of cells are polyribosomes found in?,['eukaryotic cells']
On what lobe of the liver is the gallbladder near?,['cystic lobe']
Most mercury compounds decompose when they are?,['heated']
Carnivores that eat herbivores are what kind of consumers?,['higher']
How does increasing the temperature of reactants affect the rate of their reaction?,['increases']
"The majority of animals belong to what category, characterized by the lack of a backbone?",['invertebrates']
The muscular layer is much thicker in which ventricle of the heart?,['left']
Does lava flow quickly or slowly when thick?,['Thin']
Rupture can cause fragments of what to travel via the bloodstream and become lodged in other arteries?,['embolism']
What does a continuous string of earthquakes indicate about a volcano?,['that it is an active volcano']
"Two smaller isotopes, more neutrons, and heat energy are the products of what type of reaction?",['nuclear decay']
"In the u. s. , the majority of electricity is produced by burning coal or what else?",['oil']
Prophase is preceded by a preprophase stage in what type of cells?,['mitotic cells']
What record provides evidence that new species develop to fill the habitats where old species lived following a mass extinction?,['fossil record']
"In a solution, what is the substance present in the lesser amount called?",['solvent']
"What does an invertebrate, like a snail, not have?",['backbone']
The percent yield is determined by calculating the ratio of actual yield by what?,['theoretical yield']
Repolarization occurs when the membrane potential begins to move back toward its resting what?,['level']
What is the middle layer of connective tissue called?,['areolar']
What cells does the skeletal system make?,['epidermis']
Which type of tree is dominant in temperate forests?,['hardwood  (not you): Softwood ASSISTANT: What is a softwood?']
The nucleus from a differentiated frog cell can direct development of what?,['an adult frog']
The sternocleidomastoid is the major muscle that laterally flexes and rotates what?,['the neck']
Movements in the mantle cause the plates to move over time in a process called what?,['convection']
"What living creatures comprise the ""rainforests of the oceans""?",['coral reef']
What are plant structures that contain male and/or female reproductive organs?,['androgenic glands']
"What is the name of the complex mixture that consists of water, proteins, fats, carbohydrates, and minerals?","['plasma AWS Tips and Best Practices: 20 Amazing, Useful and Amazing Services You Didn’t Know About!']"
The ileum is the last part of what digestive system organ?,['the large intestines']
Which chemist developed a process to remove carbon and dust particles in smoke?,['Lavoisier']
Oranges and lemons are examples of fruits that contain what acid?,['citric']
What is an adaptation?,['a biological characteristic that gives the organisms an advantage over other organisms']
What form of matter has a fixed volume but not a fixed shape?,['a fixed mass']
What compounds form crystals instead of molecules?,['ionic compounds']
"What is the study of water movement, including waves and ocean currents?",['oceanography']
The energy required to remove an electron from a gaseous atom is called?,['energy level']
Algae produce food using what process?,['photosynthesis']
What is needed for a person to be affected by an autosomal dominant disorder?,['a faulty gene from either parent']
"Skeletal, cardiac, and smooth are all types of what?",['muscle']
"Vascular plants all have roots, stems, and what?",['leaves']
"In amphibians, reptiles, birds, and mammals, blood flow is directed in two circuits: one through the lungs and back to the heart, which is called what?",['systemic circuit']
What are the best-known extinct vertebrates?,['dinosaurs']
"What is an estimation of all of the organic matter available as food, and involves measuring biomass in terrestrial environments?",['soil']
The primary motor cortex is located in which lobe of the brain?,['left temporal']
Channel proteins form what in the membrane?,['lipid bilayer']
What term means the set of processes by which metals are extracted from their ores and converted to more useful forms?,['mining']
Lymph vessels make up a circulatory system that is similar to the blood vessels of what system?,['the lymphatic system']
"Somatic cells come from the body and are not what, like sperm or eggs are?",['gametes']
What makes marginal lands unsuitable for farming?,['altitude']
Water seeps into the ground through permeable material and stops when it reaches what?,['impermeable material']
Free fatty acids are carboxylic acids that contain long chains of what?,['carbon units in their molecules']
What are endothermic tetrapod vertebrates most commonly called?,['Mammals']
The pressure inside a container is dependent on the amount of what inside the container?,['volume']
What do we call a carbohydrate formed by two monosaccharides bonding together?,['disaccharide']
What is the term for the force that brings objects toward the earth?,['Gravity']
The bilaterians are divided into deuterostomes and what else?,"['protostomes (e.g., insects)']"
What term describes reproducing by external fertilization after the female sheds large numbers of small eggs?,['spawning']
Parasites infect the host's what?,['cells']
What force occurs because no surface is perfectly smooth?,['friction']
What is a vector quantity with the same direction as the force called?,['component of a force']
The flower is an angiosperm structure specialized for what function?,['pollination']
The building blocks of proteins are called what?,"['amino acids As seen, the assistant responds to most questions correctly, and the student receives feedback on each question. Through using the AI assistant, we have gained useful insights of where students excel and where they fail. Students']"
"Which science is an extension of genetics, evolution, anatomy, physiology, and other biological disciplines?",['biochemistry']
The gap between two dna fragments is sealed by what?,['ligase']
What are located along convergent and divergent plate boundaries?,['mountains']
The lithosphere is divided into a dozen major and several minor what?,['plates']
Silver is an example of a mineral containing only one kind of what?,['nonmetal']
Reversible reactions are indicated by what kinds of arrows?,['double']
About half of what type of radiation is absorbed in the first 15 meters of water?,['ultraviolet user: What is a single-drug pharmaceutical compound that acts on a unique molecular target specific for a specific disease or infection? ASSISTANT: biologic drug user:']
What is the mechanism by which favorable traits become more common in organisms over the course of generations?,['natural selection']
What particles ancient greeks propose that matter consists of ?,['indivisible atoms']
"Exemplified by organisms that grow in geysers, hyperthermophiles ""love"" what?",['heat']
"The three main body segments of an arthropod are head, thorax, and what?",['abdomen']
A battery is a multiple connection of what kind of cells?,['voltaic']
"Illustrating how form follows function, long, slender protein strands that make up what tissue are essential for contracting and relaxing?",['smooth muscle']
What do voltmeters measure across a resistor?,"['current, electrical']"
Ibuprofen and albuterol are examples of drugs whose _________ have different effects.,['active forms']
"If the dna from all 46 chromosomes in a human cell nucleus was laid out end to end, it would measure approximately how long?",['4 inches']
Exons are cut out before what leaves the nucleus?,['pre-mRNA']
"While elements are represented by chemical symbols, chemical formulas represent what?",['molecules']
The goal of this is the understand how and why things happen?,['science']
"Specific antigens on the surface of red blood cells determine what, which is important in cases of transfusion?",['blood type']
Humans are among the most versatile of mammals with what type of diet?,['omnivorous']
"Temperature and precipitation determine the types of what that can grow in an area, in turn affecting the animals that live there?",['biota']
Matter is made up of a mixture of things called what?,['atoms']
The force of attraction between a positively charged metal ion and the valence electrons it shares with other ions of the metal is called?,['ionic bond']
"What occurs not only as organisms grow, but as they reproduce.",['reproduction']
What is one thing that cell membranes are permeable to?,['substances such as oxygen and glucose']
What are fast moving rivers of air that are going in opposite directions called?,['jet stream']
What do methanogens act as in sewage treatment plants?,['consume and produce energy']
"While numerous elements can undergo fission, only a few can be used as fuels in what nuclear devices?",['atom bomb']
Do most waves strike the shore head on or at an angle?,['head on']
What theory states that there is no interaction between individual gas particles?,['phlogiston theory']
What type of diseases occur when the immune system attacks normal body cells?,['autoimmune disease']
What are gases called that absorb heat in the atmosphere?,['greenhouse gases']
"Horny ridges on the jaws serve the same function as what, for turtles?",['egg shields.']
Most of the energy used by living things comes either directly or indirectly from where?,['the sun']
Oxygen is an element in what form of matter?,['gas']
What indicates horizontal distance and are also found on the map legend?,['longitude']
"The four basic types of tissue are epithelial, muscle, connective, and what?",['nervous']
Vivipary refers to the development and nourishment of a what?,['embryo']
"Above the meristem, the rest of the root is covered with a single layer of what type of cells, which may have root hairs?",['epidermal cells']
"Oil and water do not mix, instead forming two distinct layers called what?",['non-mixing layers']
What causes symptoms associated with sickle-cell disease?,['a form of sickle-cell disease']
What is the name of the process in which the nuclei of uranium atoms are split?,['nuclear fission']
What is a relationship where one species benefits and the other is unaffected?,['symbiosis']
Soap acts as what kind of agent between grease and water?,['detergent']
"The three units of kpa, atm or mmhg commonly measure what?",['pressure']
Population size is the number of what in a population?,['individuals']
Many plants respond to the days growing shorter in the fall by doing what?,['turning yellow']
What provides clear evidence of evolution?,['fossils']
The cell membrane consists of two layers of what?,['phospholipid bilayer']
Solutions of nonelectrolytes such as ethanol do not contain dissolved ions and cannot conduct what?,['electricity']
What are chromosomes made of?,['deoxyribonucleics']
What process done by bacteria makes them important producers in aquatic ecosystems?,['decomposition']
Under what type of conditions can populations grow exponentially?,['positive feedback conditions']
What gas is released when dead organisms and other organic materials decompose?,['methane']
Organisms that live deep in the ocean must be able to withstand what?,['high pressures']
What do waves deposit to form sandbars and barrier islands?,['wind']
A dilute solution is one that has a relatively small amount of what?,['solute']
What involves sensing and focusing light from people and objects?,['your vision']
The first two electrons in lithium fill the 1s orbital and have the same sets of four what as the two electrons in helium?,['paired sp']
Calcium ion is an example of what kind of messenger?,['intracellular']
"After coming apart from the crystal, the individual ions are then surrounded by solvent particles in a process called what?",['association']
What is the official name for the study of life?,['biology']
"One important phenomenon related to the relative strength of cohesive and adhesive forces is capillary action—the tendency of a fluid to be raised or suppressed in a narrow tube, or called this?",['osmosis']
"Meiosis is part of the process of gametogenesis, which is the production of what?",['gametes']
What is the most important source of electromagnetic waves on earth?,['the sun']
What term means the amount of water vapor in the air?,['humidity']
What is the physical transformation of an insect moving through stages of life?,['metamorphosis']
"Like the platypus, the echnida is a what?",['monotreme']
"When explosion of gases creates pressure resulting in motion of a rocket, the force pushing the rocket is called what?",['thrust']
Anything moving has what type of energy?,['kinetic energy']
What happens to energy when work is done by a system?,['The energy of system increases']
What occur in arteries that can cause heart attacks and strokes?,['plaque']
The process in which a gas changes to a liquid is called what?,['condensation']
What can we learn about a wave by finding the product of the wavelength and frequency?,['the speed of the wave which is the rate of change in the wave']
What is the the process by which remains or traces of living things become fossils called?,['fossilization']
Ionic compounds have strong electrostatic attractions between oppositely charged ions in this?,['molecules']
What is the side to side movement of the mandible called?,['protrusion']
"No charge is actually created or destroyed when charges are separated as we have been discussing. rather, existing charges are moved about. in fact, in all situations the total amount of charge is always this?",['the same']
"Recent evidence indicates some of what type of cells remain within the heart, continuing to divide and potentially replace dead cells?",['adult stem cell']
"Bees, wasps, ants, butterflies, moths, flies and beetles belong to what animal phylum?",['arthropods']
The strength of a base depends on the concentration of _______ it produces when dissolved in water?,['hydroxide']
What development is less risky for the mother?,['late preterm delivery']
What is a structure that is composed of one or more types of tissues?,['an organ']
What bonding is formed in polar amino acid side chains?,['hydrogen bond']
Light travels more quickly in air than what?,['vacuum']
What action do particles of the same charge do to each other?,['repel one another']
"Exothermic reactions, like all chemical reactions, require what to get started?",['a catalyst']
What is the name for the energy waves that radiate out from the center of an earthquake?,['seismic waves']
What is considered a good source of calcium?,['milk']
An increase in the number of gas molecules in the same volume container causes what to increase?,['pressure']
What is the adaptation that certain animals use to become less visible to predators and prey?,['camouflage']
What 3 things do animals need to live and survive?,"['food, oxygen, water']"
"On a global scale, plants and other photosynthetic organisms have generated all of what element in the air?",['oxygen']
Lyme disease is caused by what kind of organim?,['spirochete']
What is the process by which organisms give rise to offspring?,['sexual reproduction']
"In a plant, the flower contains what?",['pollen']
A collapsing nebula leads to what process?,['a star']
What does jupiter reflect a lot of due to its size?,['heat']
What is it called when birds keep their eggs warm while the embryos inside develop?,['incubation']
What is the term for a measure of both speed and direction?,['vector']
An increase in what levels results in sound waves that are louder and of greater intensity?,['sound pressure']
What do ecologists study at every level?,['ecology']
Solid carbon dioxide is called what?,['dry ice']
"What instrument is used to make very sensitive mass measurements in a laboratory, usually in grams?",['balance']
"All of the populations that live in the same area make up what type of group, which includes populations of different organisms?",['biotic community']
"Carpal, metacarpal and phalanx bones comprise what part of the body?",['hands and feet']
Pairs of nitrogenous bases are attached to each other by?,['hydrogen bonds']
"Fahrenheit, celsius, and kelvin are all units which measure what?",['temperature']
What structures located on chromosomes control characteristics of life and are passed from parents to offspring?,['genes']
What causes the wheels of the car to turn?,['engine']
What break down dead organisms and other organic waste and release inorganic molecules back to the environment called?,['detritivore']
What living species of bird is considered the  largest of the raptors?,['Eagle']
Acidic hydrogen atoms are those which will be transferred to what?,['another element']
"Club mosses, horsetails, ferns, and whisk ferns are examples of what type of plants?",['non-vascular plants']
Where are pressure receptors mainly found?,['in the brain and inner ear']
"In the case of the moose, predation is an additional factor that regulates what?",['prey']
What is stored mainly in liver and muscle cells by humans and other vertebrates?,['glycogen']
The basic voltaic cell variations are the dry cell and the what?,['lead-acid']
What type of waves transmit the energy of an earthquake?,['seismic waves']
What is the measurement of something along it's greatest dimension called?,['length']
"When sediments settle out of water, what do they form?",['rocks']
Solute potential is also called osmotic potential because solutes affect the direction of what?,['water movement']
"Ants, termites, bees, and wasps live in what type of social structure that may include millions of individual insects?",['colony']
What protects the pollen of seed plants and spores of seedless plants?,['a sporopolleninous outer covering']
A vector is an organism that carries what disease-causing microorganisms from one person or animal to another?,['pathogen']
"Nephrons, renal tubules and the loop of henle are part of the process of blood filtration by what organs?",['kidneys']
What patterns in trees can be used to determine its age?,['rings']
What controls all five senses?,['brain']
What occurs when excess carbon dioxide in the atmosphere causes the oceans to become acidic?,['global warming']
What lines the passages of the nose and senses chemicals in the air?,['cilium']
What are the only type of elements capable of changing into different elements?,['transitional elements']
An individual virus is called what?,['genome']
"If the buoyant force is greater than the force of gravity acting on a ship, what will happen to the ship?",['it will sink']
How many mass extinctions have occurred throughout earth's history?,['5']
Assume a molecule must cross the plasma membrane into what?,['the cytoplasm']
"What ingredient has been used in brewing, winemaking and baking for thousands of years?",['hops']
What is another name for the vertebral column?,['skeleton']
What is an individual with more than the correct number of chromosome sets called?,['trisomics']
What is the basic unit of the structure and function of living things?,['gene']
Which form of dialysis has a patient’s blood pass through a length of tubing that travels through an artificial kidney machine?,['hemodialysis']
What are the two components of all solutions?,['solvent and solute']
The skin disease impetigo is caused by spread of what type of microorganism?,['pathogenic bacteria']
What happens to water vapor as it rises?,['it increases its size']
"Highly reactive nonmetals, which only accept electrons and do not give them up, make poor what?",['oxidizers']
What is the term for the preserved remains or traces of organisms that lived in the past?,['fossil']
What are the most successful phylum of plants?,['monocots']
Chelicerae in spiders are often modified into fangs that perform what function?,['Venom injection']
What contains positive protons and neutral neutrons?,['a neutron']
"Clubfoot, also known as talipes, is a congenital (present at birth) disorder of unknown cause and is the most common deformity of what?",['foot']
What are formed when cells from the male and female parts of the plant combine?,['seeds']
"When your brain senses that your body temperature is increasing, it sends messages to the blood vessels in the skin to increase in what?",['blood flow']
The hydrogen is oxidized because it undergoes a partial loss of what?,['electrons (reduction)']
What do you call health-promoting molecules that inhibit the oxidation of other molecules?,['antioxidants']
"What are the flattened, disk-shaped cells in blood that carry oxygen?",['erythrocytes (red blood cells)']
"What process, which is analogous to mitosis, is a series of events that arrange and separate chromosomes and chromatids into daughter cells?",['meiosis']
"In a few species, chloroplast genes are inherited only from what?",['the nucleus']
A bee will sometimes do a dance to tell other bees in the hive where to find what?,['nectar']
"What substance, which forms igneous rock, flows out in rivers of lava when it reaches the surface?",['magma']
"Chitin, also found in the exoskeleton of insects, gives structural strength to the cell walls of fungi. the cell wall protects the cell from what?",['pressure']
A solenoid wrapped around a bar of iron or other ferromagnetic material forms what?,['a solenoid']
A skydiver will reach what when the air drag equals their weight?,['terminal velocity']
What is the term for what the earth rotates on?,['axis']
Most fungi get organic compounds from what?,['plants and animals']
Each bond includes a sharing of electrons between atoms. two electrons are shared in a single bond; four electrons are shared in a double bond; and six electrons are shared in this?,['triple bond']
What type of fluid cushions the fetus and helps protect it from injury?,['amniotic fluid']
A cochlear implant aims to restore loss of what sense?,['hearing']
Light is a form of what kind of energy?,['electromagnetic']
"What are the most diverse organisms on earth, which are often classified by shape or how they react to gram stain?",['bacteria']
What is the electron domain geometry of ammonia?,['tetrahedral']
"Most mammals are viviparous, which refers to what reproductive result?","[""the baby's birth""]"
The sex of developing crocodilians is determined by what during incubation?,['egg temperature']
What allows some things to enter the cell while keeping other things out?,['the plasma membrane']
How does the water cycle end?,['the oceans']
Haversian canals contain blood vessels and what else?,['canaliculi']
"What arises due to crossing over, independent assortment, and the random union of gametes?",['chromosomal variation']
Surging hormones will cause adolescents to have what?,['acne']
The temperature at which a substance melts is called its what point?,['freezing point']
Malonate plays what negative role on the enzyme succinate dehydrogenase?,['inhibits']
"Newton’s second law of what is more than a definition; it is a relationship among acceleration, force, and mass?",['inertia']
What form the skeletons of most organic molecules?,['a carbon backbone']
Where does most of the earth's energy come from?,['the sun']
"The inside of the small intestine has many folds, called villi. microvilli are lined with blood vessels as well as lymphatic vessels. the inside of the small intestine is called this?",['epithelium']
"When compared to anaerobic respiration, what does aerobic respiration release more of?",['acetate']
What are people with osteoporosis at increased risk of?,['bone fracture']
"In most fungi, the haploid nuclei contributed by each parent do not do what right away?","['form daughter cells MISTAKES AND LEARNING: The first time that we saw your bot was when you said that you are an “AI research assistant.” However, we do not think that someone with your attitude, who is unempath']"
"As the telencephalon enlarges and grows into the cranial cavity, it is limited by the space within what bone structure?",['neurocranium']
"""incident"" and ""reflected"" are two types of what?",['electromagnetic radiation']
Properties of matter can be considered physical or?,['chemical.']
The full range of wavelengths and frequencies of electromagnetic radiation make up the ____________,['spectrum']
Plant-like protists contains chloroplasts and make food by what process?,['photosynthesis']
"Compounds that are capable of accepting electrons, such as o 2 or f2, are called what?",['electron acceptor']
What do concentric circles on a topographic map indicate?,['elevation contour lines']
What hormone secreted by the pineal gland controls sleep-wake cycles and several other processes?,['melatonin']
All of the petals together are called what?,['corolla']
"When a species changes in small ways over time, what is it called?",['microevolution']
"Yeasts, molds, and mushrooms are all different kinds of what?",['funga/fungus']
In which constellation is the helix nebula located?,['cygnus']
Chewing insects mechanically damage plants and lessen the surface area of leaves for what?,['absorption']
"In an aqueous solution, what is the solvent?",['The solute']
The relationship between a nucleotide codon and its corresponding amino acid is called what?,['DNA code']
What are the smallest structural and functional unit of all living organisms?,['cell']
"Sounds are produced when muscles in what organ are tensed, stretching the cords so they vibrate?",['vocal cords']
"What type of behaviors are rigid and predictable, and usually involve basic life functions?",['homeostatic']
What are classified by climatic factors and types of primary producers?,['ecosystems']
"The leaves of what plant genus are the source of the compound ephedrine, which is used in medicine as a potent decongestant and is similar to amphetamines?",['ephedra']
What is first stage of cellular respiration?,['glycolysis']
What is the term for the combined forces acting on an object?,['net force']
"The cell walls of what organisms are strengthened by chitin, unlike plant cell walls, which contain cellulose?",['fungal']
What are used to indicate the number of atoms of an element that are in the compound?,['prefixes']
What do scientists think to be the oldest eukaryotes?,['choanoflagellates']
Where are b cells produced in the body?,['lymph nodes']
What is the process of filtering waste from the kidneys?,['renal filtration']
Which property of diamond makes it so hard?,['hardness']
Ecological succession refers to the change in the numbers and types of species that live in what groups?,['an ecosystem']
Invertebrates (and higher animals) can also be placed in one of two groups based on how they develop as what?,['embryos']
"When we were dealing with electrical effects, it was very useful to speak of an electric field that surrounded what?",['electrons']
The left atrium receives oxygen-rich blood from which organs?,['the lungs']
"What useful tool helps scientists work with, understand and make predictions about extremely complex systems?",['equation modeling']
Do vascular or nonvascular plants lack tracheids?,['no']
Spongy bone is found inside bones and is lighter and less dense than compact bone because it is what?,['filled with spaces']
Ingestion and propulsion are the first two steps in which process that describes how humans process and consume food?,['digestion']
How many meters deep does the photic zone extend?,['200 meters']
Biological features from a common evolutionary origin are known as what?,['synapomorphy']
What are atoms with unstable nuclei are considered to be?,['unstable elements']
Do changes to rocks happen quickly or slowly?,['over time']
"When resources are limited, populations exhibit what type of growth?",['population growth']
Excessive exposure to what is the main cause of skin cancer?,['UV radiation']
The hypothalamus in vertebrates integrates what two systems?,['the nervous and endocrine system']
Asteroids are not geologically active. which is the only way they can change?,['collisions']
What is the only light that people can see?,['light']
What process can cause harmful alleles to become fixed?,['negative selection']
What is the blood in the body pumped with?,['deoxygenated blood']
What part of the eye allows light to enter?,['cornea']
What does scientific notation use to write very large or very small numbers?,['scientific notations']
Type 1 diabetes and gigantism are examples of what type of disorder?,['endocrine']
"A thermite reaction is thermodynamically spontaneous, and because it is associated with a significant release of heat, it is regarded as what?",['exothermic']
"Lichens are not a single organism, but rather an example of a what?",['association']
"The spokes of what structures that distinguish saturn appear seasonally, with an origin as yet unknown?",['rings']
What is the purpose of a bird using flashy displays?,['attracting a mate']
"Plants require air, water, nutrients, and what in order to live and survive?",['sunlight']
What type of chemical reactions release energy?,['redox reaction']
What type of telescopes collect and focus radio waves from distant objects?,['radio telescope']
Where do mushrooms get their energy?,['photosynthesis']
Cells have multiple repair mechanisms to fix mutations in what?,['DNA']
What determines how long a planet's orbit is around the sun?,['planetary mass']
"In a correctly balanced equation, all coefficients must be what kind of numbers?",['whole number and integers']
Why do snakes have venomous bites?,['aids digestion']
Where is the spinal trigeminal nucleus located?,['midbrain']
"All biochemical molecules have oxygen, carbon, and what other element?",['hydrogen']
What type of cells detect stimuli?,['sensory cells']
The three-dimensional spaces with specific shapes that are components of electrons shells are known as what?,['orbits']
"Pure carbon can exist in different forms, depending on how its atoms are arranged. the forms include diamond, graphite, and what else?",['fullerene spheres']
What element is present in all organic molecules?,['carbon']
"Arthropods today have two unusual hox genes, both of which influence what?",['the development of their limbs.']
What regulates the time of flowering in many species?,['the photoperiod']
Hydrogen-based fuel cells were and are used to provide what for manned space vehicles?,['electrical energy']
A vector is any quantity that has magnitude and what?,['a direction']
What are the hormones that cause a plant to grow?,['auxin']
"What anatomical structures insulate, protect and provide sensory input?",['skin']
"Digestive enzymes are released, or secreted, by the organs of which body system?",['digestive system']
What system provides a major route for heat flow between the interior and exterior of the body?,['the circulatory system']
Wearing personal protective equipment such as goggles and gloves during an experiment is an example of what?,['safety']
"Inside female cones, female spores develop into female what?",['pollen grains']
"At a synapse, what objects are released to carry a nerve impulse from one neuron to the next?",['neurotransmitters']
"Exemplified by sea stars and sand dollars, echinoderms have a calcareous structure developed by pigment cells and made of ossicles, which is called what?",['calcareous']
What is another term for blood clotting?,['coagulation']
Proto-oncogenes can change into oncogenes that cause what?,['the development of cancer']
What kind of a process is corrosion?,['chemical']
Non-human organisms that mainly consume plants/other primary producers are known as what?,['decomposers']
What makes up the dense outer layer of bones?,['compact bone']
Where are liverworts most often found?,['in a moist area']
"Practitioners of what thought all matter was composed of different proportions of four basic elements, and that if you changed the proportions of these elements, you could change the substance itself?",['chemists']
"When exposed to ultraviolet, some substances, such as minerals, glow in characteristic visible wavelengths, a process called this?","['photoluminescence A. The correct form of the statement is: We have the following list of AI and their associated tasks (you know what they are): LITTLE BROTHERS, WATCH']"
What type of climate does the coast of california have?,['marine']
"Asteroids, comets, and planets move around the sun in curved paths called what?",['orbits']
"Which  organs control the amount of water, ions, and other substances in the blood by excreting more or less of them in urine?",['kidneys']
What are different types of tissues organized into functional units called?,['Organ']
A fuel cell is a galvanic cell that requires a constant external supply of what?,['hydrogen']
Digestion of proteins begins with acids in what organ?,['stomach']
"The products of what process are needed for cellular respiration, and vice versa?",['acid-base reaction and oxidation-reduction']
"The majority of elements, including iron and copper, are of what type?",['metals']
All cells have a jellylike substance in which subcellular components are suspended. what is that substance?,['interstitial fluid']
What is the passing of traits from parents to offspring called?,['reproduction']
What is a large molecule with many repeating units?,['polymer']
The overall voltage of the battery is therefore the sum of ________ of the individual cells.,['all of them']
"Often generated by molecular cloning, transgenic organisms possess what from a different species?",['DNA']
Natural gas is the predominately made up of?,['Hydrogen and Methane']
What is the term for when an embryo fixes itself to the side of the uterus?,['endometrial adherence']
What is the protein in red blood cells which transports oxygen around the body?,['hemoglobin']
What unit do astronomers use to describe distances in space?,['light year']
What forms when one substances dissolves in another?,['solution']
Any nucleus that is unstable and decays spontaneously is said to be what?,['radioactive']
"Cnidarians are an example of organisms that possess a simple type of what system, used for sensing touch?",['epithelium']
Where do recent rocks point towards on earth?,['geocentric view']
The concentration of the hydrogen ion in a solution can be calculated when what is known?,['pH']
What are the biggest groups of stars called?,['clusters']
What are the specialized cells that sponges have?,['gill']
What are living things that produce food for themselves and other organisms called?,['producers']
What is the term for buildup of cell debris and cholesterol inside the arteries?,['atherosclerosis']
What do humans and bats have physically in common?,['wings']
What do metals start out as?,['minerals']
"Oxygen, carbon dioxide, atp, and nadph are reactants in what process that plants use to produce food?",['photosynthesis']
What type of biomes have water containing little or no salt?,['marine biomes Scientific research refers to systematic research investigating a particular area of science or related branch of knowledge. Systematic and organized research may require: Scientists do research to turn what they see into knowledge and']
The medium moves back and forth in the same direction as the wave in what type of wave?,['transverse wave']
The bony socket that houses the eyeball and associated muscles is called?,['orbit']
What is the term for the force that a magnet exerts on certain materials?,['magnetic force']
What is a thin membrane stretched tight across the end of the ear canal that vibrates when sound waves strike it?,['eardrum']
What is a body of freshwater that flows downhill in a channel?,['a river']
The ionic end of a detergent can either be a sulfate or what?,['a carboxylate']
Organs involved in digestion that do not have food pass through them are called?,['accessory organs']
What is the energy that matter possesses because of its location or structure?,['internal energy']
What is defined as the act of contaminating the environment with waste?,['pollution']
What broad animal group is thought to have evolved from theropod dinosaurs around 150 million years ago?,['birds']
By exploding what the space probes get separated from their launchers?,['ionosphere']
"If the water vapor condenses in liquid droplets as clouds form, what is released in the atmosphere?",['water droplets']
The chemical and/or physical agents that cause mutations are called what?,['mutagens']
What do induction cooktops have under their surface?,['electromagnetic coils']
About what percentage of the earth's water is fresh water?,['3%']
Bigger ocean waves and waves that carry more sediment cause a greater extent of what?,['littoral erosion']
A high metabolic rate and hair are ways mammals generate and conserve what?,['body heat']
"Ice cores, varves and what else indicate the environmental conditions at the time of their creation?",['sediments']
"In contrast with cnidarians, nematodes show a tubular morphology and circular cross-section. these animals are pseudocoelomates and show the presence of a complete digestive system with a distinct mouth and this?",['anus']
On how many of the continents do birds live and breed?,['five']
The feeding positions in a food chain or web are called?,['trophic position']
Animals breath in air in order to obtain what element?,['oxygen']
What system possesses a memory component that allows for an efficient and dramatic response upon reinvasion of the same pathogen?,['immune system']
"The five human senses are taste, touch, vision, hearing and one more. what is it?",['smell']
"The body cannot sustain for very long the bursts of energy mediated by epinephrine and norepinephrine, hormones associated with what stress response?","['sympathetic, fight or flight']"
What is the process in which unspecialized cells become specialized in structure and function to perform certain tasks in the body?,['specialization']
Questioning claims based on their scientific verifiability rather than accepting claims based on faith or anecdotes is called what?,['skeptical thinking']
What system consists of organs that break down food and absorb nutrients such as glucose?,['digestive system']
"Water is considered a what since it is a polar molecule with slightly positive and slightly negative charges, so ions and polar molecules can readily dissolve in it?",['polar solvent']
"The nervous system has two main parts, called the central nervous system and the what?",['peripheral nervous system']
How do prokaryotic cells divide?,['fragmentation']
Earthquakes cause longitudinal waves as well as which other waves?,['transverse waves']
"Animals are heterotrophs, which means that they cannot make their own what?",['food']
"The cultivated forms of wheat, cotton, and tobacco plants are all what?",['varieties']
Which part of the atmosphere do greenhouse gasses trap heat in?,['the troposphere']
What is the process by which water moves through semi-permeable membranes from one part of the body to another?,['osmosis']
"Which cavity, filled with lubricating serous fluid, lies between the epicardium and the pericardium?",['pericardiac space']
Skeletal muscles are attached to the skeleton by tough connective tissues called what?,['tendons and ligaments']
"Like the frame of a house, what gives the cell an internal structure?",['cytoplasm']
"Groups of three bases form codons, and each codon stands for one what?",['amino acid']
What anatomical feature is shared by all chordates?,['dorsal nerve cord']
What type of reactions absorb heat from their surroundings?,['endothermic']
The development of the respiratory system in the fetus begins at about?,['30 days']
What causes cells to divide if cytokinins are added to it?,['cell signals']
What is written as systolic over diastolic?,['systolic over diastolic']
What two types of tissue compose most of the non-pregnant and non-lactating female breast?,['adipose and muscle']
What disease is the result of unchecked cell division caused by a breakdown of the mechanisms regulating the cell cycle?,['cancer']
A reaction producing heat is what type of reaction?,['exothermic']
Trees and shrubs are example of what type of plant?,['woody plant']
What structures are at the end of the long air passages in the lungs?,['alveoli']
What is the organ system that brings oxygen into the body and releases carbon dioxide?,['respiratory']
Which is a more reliable trait or measure to identify minerals?,['physical properties']
A ramp is a type of simple machine called what?,['mechanical advantage']
What is the ability to see called?,['ability to see']
Radioactive nuclei and particles are represented by which symbols?,"['β, α, γ']"
"Unipolar, bipolar, multipolar, and pseudounipolar are the four basic types of what?",['magnetosphere']
The concept that atoms tend to have eight electrons in their valence electron shell is called what?,['the octet rule']
What disease is unpreventable in the type one form but may be prevented by diet if it is of the second type?,['Type 1 Diabetes']
"When statoliths settle to the low point in the chamber, they stimulate what in that location?",['swimming flagella']
Proteins are polymers of what kind of acids?,['acyl']
What is the only animal phyla that does not consist exclusively of invertebrates?,['arthropod']
What term is used to describe organic compounds such as sugars and starches?,['carbohydrates']
What is citrate an ionized form of?,['citric acid']
What shape are the muscles that control the anus?,['circumference']
What is a form of cell division in prokaryotic organisms that produces identical offspring?,['budding']
How do many mammals control their body temperature?,['a three-layered structure']
What phase does the nuclear envelope begin to break down?,['prophase 1. 2. 1. 1. 1. 3. 1. 3. 8. 1. 1. 9. 1. 1. 3. 1.']
What is another name for anther pollen sacs?,['pistil GRADE LEVEL: Grade 11 - College SYSTEM: You are a college professor. You use a tone that is technical and scientific.']
"Anaerobic cellular respiration does not require the presence of what (by the very fact it is anaerobic, specifically)?",['oxygen']
What is released to lubricate the vagina to facilitate intercourse?,['sperm']
"The tibia is the larger, weight-bearing bone located on the medial side of the leg. the fibula is the slender bone of the lateral side of the leg and does not do what?",['bear weight']
"Bones, cartilage, and what other thing make up the skeletal system?",['muscles']
In a solution what is the substance a solute dissolves in is called?,['solvent']
Which fish has a round sucker used to suck the blood of other fish?,['sucker fish']
What is the name for a tool commonly used by molecular biologists to place genetic material into cells?,['A pipette']
Which sphincter is located at the stomach end of the esophagus and opens to allow the bolus to enter the stomach?,['lower esophageal sphincter']
What model describing atomic structure is often referred to as a planetary model?,['Bohr model']
"Three body segments, a hard exoskeleton, and jointed appendages are features of what invertebrate group, which includes spider and insects?",['arthropods']
What is the third class of elements after metals and nonmetals?,['metalloids']
What does the inside of all cells also contain?,['cytoplasm']
What type of bonds are formed by the side-to-side overlap of p orbitals?,"['covalent 23. Which of the following statements that all of the following statements are true. All of the answers are true. Only 1 and 3 are correct. Neither 1, nor 2, nor']"
"What is the term for groups of cells with a similar appearance and a common function, and describes how cells are organized?",['tissue']
"By the year 2050, 25 percent of the population of the united states will be 60 years of age or older. the cdc estimates that 80 percent of those 60 years and older have one or more chronic disease associated with deficiencies of this?",['vitamin d']
What is equal to the angular acceleration multiplied by the radius of the rotating object?,['angular velocity']
What happens when ionic compounds are dissolved in water?,['The hydrated ions become polar.']
The lancelet lacks what feature that distinguishes vertebrates?,['heart user: The heart has chambers and pumps oxygenated blood to which two arteries? ASSISTANT: the left and right ventricles']
Most diplomonads and parabasalids are found in what kind of environment?,['fresh water']
What kind of diffusion do small hydrophobic molecules squeeze through lipid molecules?,['simple diffusion']
Certain air pollutants form which liquid when dissolved in water droplets in the air?,['precipitate']
"Trees, which can be planted and harvested, are an example of what type of resource?",['renewable']
"What broad group of organisms is characterized by sensory organs, the ability to move, internal digestion and sexual reproduction?",['animals']
Matter undergoing chemical reactions and physical changes can release or absorb heat. a change that releases heat is called what?,['endothermic reaction']
"Breathing involves differences in what, measured in torr, between the inside of the lungs and the air outside?",['pressure']
What once most common bird in north america became extinct in the 1800s?,['the passenger pigeon']
What do charged particles in motion generate?,['magnetic fields']
What results from uncontrolled cell division?,['cancer']
What do you call a quantity of motion that has both size as well as direction?,['vector']
What do mammals have under the skin to help insulate the body?,['hair']
What is the term used to describe the minerals and vitamins that are not needed for providing the body with energy but are still essential for good health?,['micronutrients']
Nerve cells that sense touch are found mainly where?,['skin']
The softer connective tissue that fills the interior of most bone is referred to as what?,['medullary']
What part of the sperm contains the nucleus?,['head']
The variety of cell shapes seen in prokaryotes and eukaryotes reflects the functions that each what has?,['kind of cell wall']
"In astronomy, what are so dense that not even light can escape their gravity?",['black holes']
"When the earth is between the moon and the sun, what type of moon shows?",['full moon']
"Often represented by an arrow, a vector is a measurement that has both size and what?",['direction']
Where in the target cells are intracellular receptor proteins found?,['cytoplasm']
What is the membrane lining the back of the eye called?,['retina']
Silk and cotton are examples of what kind of fiber?,['organic fiber']
How did the first seed plants form seeds?,['by evolution']
"In phyisics, what is considered to be the rotational version of force?",['torque']
What three parts is the earth divided into?,"['core, mantle, crust']"
The stored chemical energy of trees and other plants is called what?,['carbohydrates']
Isotopes are named for their number of protons plus what?,['neutrons']
What do most living things use to make atp from glucose?,['cellular respiration']
What happens when mammals raise their hair with tiny muscles in the skin?,['hair stands upwards']
What term describes the distance between two corresponding points on adjacent waves?,['wavelength']
The two simplest models of population growth use what to describe the rate of change in the size of a population over time?,['exponential growth']
"Which has a higher metabolic rate, a mouse or an elephant?",['they are both the same']
"What do you call materials able to conduct electricity with 100% efficiency, meaning that no energy is lost during the electrical transmission?",['superconducting material']
What are the two terms that designate how well aqueous solutions conduct electricity?,['polarity and ionic']
How many atoms does water contain?,['13']
How often should women perform a breast self-exam?,['once a month']
"The speed of a wave through connected harmonic oscillators depends on the distance between them, the spring constant, and the what?",['amplitude']
There are about 6200 known species of what?,['birds']
What term describes the process of vesicles fusing with the plasma membrane and releasing their contents to the outside of the cell?,['exocytosis']
Dynamite is an example of what type of potential energy?,['chemical']
Hepatitis b is inflammation of which organ?,['liver']
"Besides the size of their crystals, how are igneous rocks grouped?",['the percentage silica is the main component']
What are fungi which feed on living cells called?,['parasites']
What are the majority of solution properties dependent upon?,['type of intermolecular forces']
"The tissue that will become the scrotum in a male becomes the labia in a female, thus, they are regarded as having what relationship?",['homologous']
"In photosynthesis, what process involving carbon dioxide and oxygen occurs through small, regulated openings called stomata?",['gaseous exchange']
What are different versions of a gene known as?,['alleles']
"What type of cell function relies on microfilaments, which are the actin components of the cytoskeleton?",['muscle cell']
"Animals with better fitness have a better chance of passing their genes onto the next generation, this process is known as?",['natural selection']
What kind of a disorder is tay-sachs disease?,['genetic disorder']
What is the female reproductive structure of a flower?,['pistil']
"Twenty-four hours before fertilization, the egg has finished meiosis and becomes a mature what?",['ovum']
The simplest organic compounds are known as what?,['organic molecules']
How does a neon light produce visible light?,['electrical energy passed through neon gas']
Hydrophilic molecules generally avoid what other kinds of molecules?,['Hydrophobic ones']
What are atoms of the same element that differ in their numbers of neutrons called?,['isotopes']
What bond is the force of attraction that holds together two atoms that share a pair of valence electrons?,['covalent bond']
Hydrogen atoms form only one covalent bond because they have only one have one of what to pair with it?,['another hydrogen atom']
Who wrote the book on the origin of species?,['Charles Darwin']
The main shaft of the penis is covered by relatively thick what?,['tunica albugesca']
Where on a jellyfish is the mouth opening located?,['umbrellalike body']
Which kind of muscle regulates air flow in lungs?,['smooth muscle']
"Habitat loss caused by human actions is a prime culprit in what phenomenon, which appears to be occurring for a sixth time?",['extinction']
How many families are known quarks divided into?,['6']
What chemical signals in plants control different processes?,['hormones']
What forms when nitrogen and sulfur oxides in air dissolve in rain?,['precipitate']
What navigation technology works on the same principle as echolocation?,['radar']
What is the purpose of bright colors on a flower's petals?,['mimicry']
Monomers of condensation polymers must contain how many functional groups so that each monomer can link up with two other monomers?,['three']
"What phenomenon, which is most important in small populations, occurs because the alleles in an offspring generation are a random sample of the alleles in the parent generation?",['Hardy-Weinberg']
What do nectar-feeding bats do to flowers?,['drinking nectar']
Traits controlled by genes on the sex chromosomes are called what?,['secondary sex characteristics']
What do ionic bonds form between?,['metals and nonmetals']
"What term is used to describe  the variety of life and its processes, including the variety of living organisms, the genetic differences among them, and the communities and ecosystems in which they occur?",['Biotic system']
In what stage of their life cycle do insects begin developing their wings?,['after they have left the egg']
What is the term for the multi-phase process in which the nucleus of the cell divides?,['interphase']
What is the term for materials that have both a defined shape and a defined volume?,['crystals']
Prokaryotes can reproduce quickly by what?,['binary fission']
Enzymes can catalyze up to several million reactions per what?,['second']
What is the most direct way of recovering a metal from its ores?,['electrolysis']
Where is energy stored in a chemical substance?,['in bonds']
What is the term for air moving over earth’s surface?,['wind']
"A sealed, vacuum-insulated reaction flask approximates what condition, in which neither matter nor heat can be exchanged between system and surroundings?",['isolated system']
What is utilized to analyze simple mendelian inheritance?,['Punnett square']
What disease occurs when the cell cycle is no longer regulated?,['cancer']
The type of bond that forms between molecules is called what?,['Covalent bond']
What sort of walls are helpful for keeping a slope stable?,['earth walls']
What type of eclipse happens when a full moon moves through earth's shadow?,['lunar eclipse']
"What is land with permafrost, no trees, and small hardy plants?",['tundra']
"Candida and trichophyton are examples of disease-causing types of what organisms, which become parasitic?",['pathogenic fungi']
Hertz proved that what type of waves travel at the speed of light?,['electromagnetic waves']
"When mendel crossed purple flowered-plants and white flowered-plants, all the offspring had what color flowers?",['purple']
"Two significant parts of the heat include the atrium and its counterpart, which is what?",['the ventricles and vessels outside of the heart']
What are the simplest organic compounds?,['hydrocarbons']
Potassium hydroxide in soap is an example of what?,['ionic compound']
"Traditionally, what preventative measure used weakened or inactive forms of microorganisms or viruses to stimulate the immune system?",['vaccines']
What is the most common cause of down syndrome?,['nondisjunction during meiosis']
What does the term decay in chemistry refer to with regards to atoms?,['radioactive decay/decay']
A sample of matter that has the same physical and chemical properties throughout itself is known as what?,['a homogeneous object']
What do experts estimate is the cause for the extinction of hundreds of species every year?,['human interference']
How many openings do adult tunicates have that siphon water in and out of the body?,['four']
What do you call water that flows out of the ground where an aquifer meets the surface?,['outflow']
"Animal behavior can be said to be controlled by genetics and experiences, also known as nature and what?",['nurture']
"What do you call the ancient cores of continents, where the earliest continental crust is now found?",['geosynclines']
What are groups of stars called that are smaller than a galaxy?,['star clusters']
What is added to a measured portion of a more concentrated stock solution to achieve a particular concentration?,['dilution']
Where does a crossover occur on a chromosome?,['at the crossroads']
What form of reproduction creates offspring that are genetically identical to the parent?,['sexual']
The amount of heat required to raise a single mass unit of a substance by a single temperature unit is known as what?,['specific heat']
"In physics, when one subtracts the frictional force from the applied force what is the result?",['the torque']
Angiosperm seed develops inside of what?,['fruit']
When liquid water changes to water vapor it is called?,['vaporization']
"The male gametophyte releases what, which swim - propelled by their flagella - to reach and fertilize the female gamete or egg?",['sperm']
Which body system breaks down food and absorbs nutrients?,['digestive']
What forms when nitrogen and oxygen combine at high temperatures?,['water vapour']
What are biochemical catalysts that speed up biochemical reactions?,['enzymes']
What is the conversion of a solid to a gas called?,['sublimation']
What is it called when ice changes to liquid water?,['sublime']
What green cell structures of a leaf are visible under a high power microscope?,['chloroplasts']
Why is closed reduction simpler than open reduction in bone repair?,['it doesn’t require the insertion of metal plates']
What is most energy that is lost to the environment lost as?,['heat']
Where do extrusive igneous rocks cool at?,['at Earth’s surface']
What is a mixture of a solute in a solvent called?,['solution']
What is the space between a neuron and the next cell?,['synap?']
What is the union of the cytoplasms of two parent mycelia known as?,['a spore']
"What is the name of the system that consists of a hierarchy of taxa, from the kingdom to the species?",['taxonomy']
"What leaves behind crescent-shaped scars on a hillside and  may be caused by a layer of slippery, wet clay underneath the rock and soil on a hillside?",['slip']
What do you call the study of how organisms interact with their environment and each other?,['population ecology']
"Most modern seed plants are angiosperms, which produce seeds in the ovaries of what basic structure?",['flowers']
The beginning of what season experiences the shortest period of daylight hours?,['autumn']
What is the science of classifying living things called?,['biological classification']
What are most cells surrounded by?,['a cell membrane']
What type of crust is made of basalt lavas that flow onto the seafloor?,['oceanic crust']
How many viruses that can cause cancer in humans have been identified by scientists?,['nine']
What disease characterized by the extreme swelling of the limbs is caused by infection with a type of roundworm?,['filariasis']
What are solids with high melting and boiling points?,['compounds']
Does atmospheric pressure increase or decrease as the altitude increases?,['decreases']
What is the name of the skull that covers the brain and protects it?,['cranium']
Besides ingesting and photosynthesis how can protists get their food?,['cellular digestion What kind of cell is a single cell or organism that replicates but cannot divide?']
The amniotic egg is a shared ancestral character for which clade?,['amniotes']
The similarities and differences between the genomes confirm patterns of what?,['natural selection']
"Magnets have a ""north"" and a ""south"" what?",['poles']
What type of organism generally lives in or on its host?,['parasite']
What is the term for the ability of a fluid to exert an upward force on any object placed in it?,['upthrust']
What are reptiles unable to absorb through their skin because of scales?,['vitamins']
What functions in removing phosphorylated amino acids from proteins?,['a protein degradation enzyme']
"What broad group of animals are the first true tetrapods, vertebrates with four limbs?",['amphibians']
In what type of animals may a body cavity be present or absent?,['vertebrates']
The speed of sound depends on what?,"['temperature, medium and frequency']"
What is the name of the first stage of photosynthesis?,['carbon fixation']
What can slow down the increase of viruses in the blood?,['antibodies']
What type of molecules help the plasma membrane keep its shape?,['phospholipids']
"What term always refers to acceleration in the direction opposite to the direction of the velocity and always reduces speed, unlike negative acceleration?",['retardation']
What divide on their own by a process that resembles binary fission in prokaryotes?,['animalcules']
What kind of muscle is the heart mainly composed of?,['cardiac']
The behavior of ideal gases is explained by what theory of gases?,['kinetic molecular theory']
Centrioles help organize the chromosomes before cell division so that each daughter cell has the correct number of what?,['chromosomes']
Railroad tracks and roadways can buckle on hot days if they lack sufficient what?,['tension']
What separates one river system's basin from another river system's basin?,['watershed']
"In an ecosystem, what do you call organisms like lions that capture and kill other animals for food?",['predators']
What term is used to describe a cancer that has spread?,['metastasis']
"In the grand canyon, the same rock layers are visible on opposite sides of the canyon and were deposited simultaneously, which is an example of what?",['superposition']
What is a disease caused by the same virus that causes chicken pox?,['shingles']
What type of map reveals the shape of a landscape?,['topographic']
What kind of reproduction generates most of the genetic variation that makes evolutionary adaptation possible?,['sexual reproduction']
"During evolution, something happened to increase the size of what organ in humans, relative to that of the chimpanzee?",['brain']
"The hypothalamus is actually part of the brain, but it also secretes what?",['hormones']
Which gland is controlled by a negative feedback loop that includes the hypothalamus and pituitary gland?,['reproductive system']
Farming practices leave some soil exposed and vulnerable to what natural process?,['erosion']
What formula  shows only the kinds and numbers of atoms in a molecule?,['molecular formula']
What crucial role does beneficial fungi play?,['decomposition of wastes and nutrient cycle']
"Unlike prokaryotic chromosomes, eukaryotic chromosomes are what?",['circular']
"What analytical technique, using stained gel, can separate dna fragments or rna molecules and proteins?",['electrophoresis']
What term in biotechnology means a genetically exact copy of an organism?,['Genetically modified organism.']
What type of components of the biosphere do chemical elements and water pass through during ecosystem recycle?,['cycling']
What do you call a chemical process used to treat water by destroying a contaminant?,['purification']
Gabbro is a dark dense rock that can be found in what?,['igneous rock']
"Who developed a classification system that divided living things into several groups that we still use today, including mammals, insects, and reptiles?",['Carolus Linnaeus']
On what day of the cycle does ovulation usually occur?,['the fifth day']
"What process is used for cell growth, repair of cuts and replacement of worn out cells?",['mitosis']
What type of bombs put a much larger fraction of their output into thermal energy than do conventional bombs?,['nuclear bomb']
What record shows that dinosaurs originated 200-250 million years ago?,['fossils']
What is the separation of ions that occurs when a solid ionic compound dissolves?,['dissociation']
"Skyscrapers and other large structures built on soft ground must be anchored to what, located below the ground surface?",['bedrock']
"Oogenesis, which is gametogenesis in females, begins with what type of ste cells?",['primary cells']
What is a fiber that is found only in mammals?,['hair']
All of the elements in group 9 have nine of which electrons?,['valence electrons']
"Presence of a cell wall, large central vacuole, and organelles called plastids distinguish what type of cell?",['cyanobacteria']
"Competition that occurs between members of the same species, which improves the species’ adaptations, is called what?",['biotic competition']
What do you call the basic units of the structure and function of living things?,['organism']
"During the first year after birth, what is a baby called?",['an infant']
What is it called when sound is reflected off an object?,['echo']
A diagram in which the numerical values of variables are represented by the height or length of lines or rectangles of equal width is called?,['a graph']
What is defined by its sequence of nucleotides?,['DNA']
Where do short period comets come from?,['Oort cloud']
Chemical reactions involve a transfer of heat energy. measured in what?,['calories']
A food web can be broken up into what further subdivision that usually has a few links in it?,['trophic level']
What is the most important source of electromagnetic radiation on earth?,['the sun']
"What glands remove water, salts and other wastes from skin?",['sweat gland']
Layers of what create a volcano?,['hot rock']
"The components of a mixture keep their own identity when they combine, so they retain what type of properties, such as boiling point and ability to dissolve?",['retain their own properties']
The interaction between atomic orbitals is greatest when they have the same what?,['energy']
What evolutionary process has adapted protonephridia to different tasks in different environments?,['natural selection']
What prevents new ovarian follicles from developing and suppresses uterine contractility?,['the corpus luteum']
What is the term for viscous magmas that are high in silica and tend to stay below the surface or erupt explosively?,['pyroclastic']
Where do plants take in air?,['stomata']
Reactants may also be present in such low concentrations that it is unlikely they will meet and do what?,['react']
There are many types of asexual spores. conidiospores are unicellular or multicellular spores that are released directly from the tip or side of this?,['hyphae']
The lattice energy is usually the most important energy factor in determining the stability of what?,['ionic solids']
Heating ice to its melting point (0°c) gives its molecules enough energy to do what?,['vibrate faster']
Compound forms when atoms of nonmetals form molecules that are held together by what?,['an attraction force']
"Without particles, water vapor could not do what?",['condense']
What is the process by which plants make the simple sugar glucose from carbon dioxide and water is called?,['photosynthesis']
What are the two main types of star clusters?,['globulars and open clusters']
What in roundworms is a partial body cavity filled with fluid?,['pseudocoelom']
The earth's gravitational force causes the moon to do what?,['orbit around planet Earth']
The number of what subatomic particles determines an element’s atomic number and is used to distinguish one element from another?,['the number of protons']
A species that benefits and harms the host organism is called a what?,['parasite']
A hydrogen atom with one neutron is called what?,['deuteron']
What unit of measurement is defined to be the number of atoms in 12g of carbon-12?,['mole']
All organisms can be classified into one of three of this least specific grouping?,['kingdom']
What is the transition from solid to vapor is called?,['Liquid state']
A metarteriole is a type of vessel that has structural characteristics of both an arteriole and this?,['Venule']
How frequently do high tides occur?,['twice in a day']
Most of the fresh water on earth is tied up in a solid form. what are they called?,['glaciers']
Mitosis actually occurs in how many phases?,['four']
"The lens focuses light on the retina , which covers the back of the inside of the eye. the retina has light-sensing photoreceptor cells called?",['rod and cone cells']
The chains in cellulose stack in parallel rows held together by hydrogen bonds between which groups?,['anhydrides (amide bonds)']
What is the radioactive process used in nuclear power plants and one type of nuclear bomb?,['nuclear fission']
"Radiation, chemicals, and infectious agents are examples of what?",['carcinogens']
A cold front is formed when a cold air mass runs into what?,['warm air mass']
What are the structural and functional units of the kidneys?,['nephrons']
What is the term for a series of biochemical reactions by which an organism converts a given reactant to a specific end product?,['metabolism']
Cysteine is a type of what fundamental building block of protein?,['amino acid']
"Vultures, raccoons and blowflies are examples of what?",['organisms that eat decaying matter']
What process takes place when plants release water vapor through pores in their leaves called stomata?,['transpiration']
"In both eukaryotes and prokaryotes, ribosomes are the non-membrane bound organelles where what main product of the cell is made?",['proteins']
Which is one of the most frequently studied cartilaginous fish?,['shark']
What do astronomers term the stretching of space that causes the distance between galaxies to increase?,['gravitational expansion']
What type of rocks form when an existing rock is changed by heat or pressure?,['metamorphic rock']
Each of what paired organs is enclosed within a cavity surrounded by the pleura?,['lungs']
Where fossils of the genus eomaia found?,['Devonian period']
Corrosion is usually defined as the degradation of metals due to what?,['oxidation']
"Can nematodes be a parasite of plants, animals, or both?",['both']
How many types of molecular orbitals can form from the overlap of two atomic s orbitals on adjacent atoms?,['two']
What is the star nearest the earth named?,['the sun']
"Fungi, such as black bread mold (rhizopus nigricans), have haploid-dominant what?",['ascomycetes']
What creates new seafloor in the rift valleys?,['tensions and compression']
Birds are thought to have evolved from a group of bipedal dinosaurs called what?,['raptors or theropods']
"In humans, fertilization occurs soon after the oocyte leaves this?",['ovary']
When water is aerated it can provide a plant's roots with what gas for cellular respiration?,['oxygen']
Bursitis is the inflammation of a bursa near what?,['bone']
What acids are the structural components of many lipids and may be saturated or unsaturated?,['fatty acids']
What do we call the visible part of the electromagnetic spectrum?,['colors']
What is the second largest class of elements?,['transition metals']
"In relation to electrical current, what property will a narrow wire have more of than a wide wire?",['resistance']
Viruses replicate only in where?,['living cells']
Traits may also be controlled by multiple alleles or multiple what?,['the epigenome']
What is the height above or below sea level called?,['altitude']
Approximately 20% of the atmosphere is made of which element?,['nitrogen']
"In our bodies, the chest cavity is a clear example of a system at what?",['homeostasis']
What are the small molecules or proteins produced by bacteria that regulate gene expression?,['regulatory RNA']
"Unlike matter, which is continuously recycled through ecosystems, what must constantly be added to an ecosystem for use by organisms?",['nutrients']
What is the most important function of enzymes in animals?,['digest food']
"If a substance has a ph value greater than 7, what does it indicate?",['basic']
"According to the special theory of relativity, no physical object can equal or exceed the speed of what?",['light']
What must be combined with a halogen to give it a positive oxidation number?,['oxygen']
What kind of rock layer makes up the bottom of an aquifer?,['parent rock']
Water found on the surface of the earth is referred to as what?,['ground water']
What is the dinosaur genus that's closest to modern birds?,['oviraptor']
What are tiny hairs that line the bronchi called?,['cilia']
What theory states that all matter consists of constantly moving particles?,['atomic theory']
What happens to light when it passed from air to water?,['refracted']
Evaporation of moisture is greatest where it is?,['cold deserts']
"Both the forward reaction and the reverse reaction continue to occur, so chemical equilibrium is said to be what, rather than static?",['dynamic']
In what form is atmospheric sulfur found?,['as sulfur dioxide']
"What is made of molecules of many different gases, and is something we usually can’t see, taste, or smell; we can only feel it when it moves?","['wind Tags: Assistant, questions, Research https://edtimes.in/2019/07/26/tech-research-assistant-questions"">']"
"Animals are classified according to morphological and developmental characteristics, such as a body plan. with the exception of sponges, the animal body plan is symmetrical. this means that their distribution of body parts is balanced along this?",['plane']
What artery takes blood to the brain?,['the internal carotid artery']
What type of matter makes up most of the universe?,['dark matter']
What type of energy is produced when two objects move together?,['kinetic energy']
What kind of weather do psychrophiles need to grow and reproduce?,['cold']
Where does the energy produced by plants come from?,['light']
What is a complex machine that burns fuel to produce thermal energy and then uses the thermal energy to do work?,['combustion engine']
"Humans cannot digest what primary structural material of plants, which is one of the most abundant organic substances on earth?",['carbohydrate']
What is the term for something changing from water to ice?,['recondensation']
"The right and left hip bones, with the addition of the sacrum and coccyx form what section of the skeleton?",['the pelvic girdle']
"What is a therian mammal in which the embryo is born at an early, immature stage?",['marsupial']
What do ecosystems absorb on the earth?,"['precipitation Posted in AI, Education, Machine Learning, Python, Science1 Comment Posted in Machine Learning, Python, ScienceLeave a comment The following code snippet is made to simulate the concept of “The Strongest']"
The glass hydrometer is filled with air and weighted with lead at the bottom. it floats highest in the densest fluids and has been calibrated and labeled so that you can read this from it?,['specific gravity']
"What group was long considered part of the plant kingdom because of obvious similarities; both are immobile, have cell walls, and grow in soil?",['fungus']
"When a stream or river slows down, it starts dropping its what?",['sediments']
Collateral ganglia controls organs in which cavity in the body?,['thoracic cavity']
Childbirth usually starts when which sac breaks?,['amnion']
Most insects reproduce quickly and through what type of reproduction?,['sexual']
The bohr model works only for which atom?,['hydrogen']
The electrode at which oxidation occurs is called?,['anode']
Oxygen is combined with what to form water?,['hydrogen']
How many bones does an adult skeleton have?,['206']
Most hybrids are sterile because what genetic structures are not homologous and cannot pair during meiosis?,['chromosomes']
What is the eighth planet from our sun?,['Uranus']
When do gases and liquids become solids?,['when they attain zero heat of vaporization']
"Under the right conditions, what energy source can be used to eject electrons from a solid material?",['light']
What is it called when two plates slide past each other in opposite directions?,['transformational faulting']
The ladybug and the frog both start as eggs and go through what process?,['metamorphosis']
How can you prevent diseases such as whooping cough and flu?,['Immune system']
What are plants that grow on other plants called?,['parasitic plants']
What is the term for an exact genetic copy?,['recombinant']
What indicates the speed at which a reaction proceeds?,['rate constant']
What is the force that opposes motion between two surfaces that are touching?,['friction']
What is the name of microscopic channels which traverse the cell walls of plants?,['xylem']
"Area, volume, and speed are all examples of what type of units?",['measurable quantities']
In what type of organisms are daughter cells individuals?,['multicellular organisms']
"What process, which is in many ways the opposite of photosynthesis, shows the interdependence of producers and consumers?",['decomposition']
All types of cells are enclosed by what?,['cell membrane']
"Small nonprotein, water-soluble molecules or ions called second messengers often play a role in what kind of pathways?",['signal transduction']
What is the cause of common mold allergies?,['spores']
What is usually the most visible part of the flower?,['petals']
What are thought to have evolved at least 200 million years ago from gymnosperms like gnetae?,['angiosperms']
Paracrine signals move by what method through the extracellular matrix?,['diffuse']
What type of mirror is shaped like the outside of a bowl?,['spherical']
"Although magma once filled our moon's craters, what is thought to have ended there over a billion years ago?",['volcanic eruptions']
"Upon death of an organism, during composition, what returns to the soil as ammonium ions?",['nitrogen']
What term is used to describe the development of new technology?,['innovation']
Plants go through seasonal changes after detecting differences in what?,['temperature']
What occurs when competing species evolve different adaptations?,"['character displacement The second experiment has been made for the last several years, and the outcome in different areas are now analyzed. I believe that our work will be much easier to compare now than if we had not repeated the experiment over and over']"
"In humans, the only haploid cells are what reproductive cells?",['sperm and eggs']
What were the first plants to evolve?,['algae']
What element is the most abundant in the universe?,['Hydrogen']
Electricity consists of a constant stream of what tiny particles?,['electrons']
What happens to the pressure when more gas is added to a rigid container?,['the pressure increases']
"In the microbiology lab, what technique refers to the procedures that are carried out under sterile conditions?",['aseptic']
The evaporative loss of the most energetic water molecules does what to a surface?,['increases surface tension']
What term is used to describe  is the spontaneous emission of particles and radiation from atomic nuclei?,['nuclear radiation']
"What system of the body is responsible for transmitting, processing, and responding to most of the sensory information that is created by various stimuli?",['nervous system']
Where do t cells mature?,['bone marrow']
What does pepsin help break down into amino acids?,['protein']
"Which division of the peripheral nervous system interprets signals, while the motor division sends signals?",['somatic']
What is the general name for a group of atoms derived from an alkane?,['alkane derivative']
Ac is better than dc for doing what?,['transmitting electricity']
"When present in large volumes, what color hue can water emit?",['turbid']
Which membranous organelles in a cell sequence enzyme and electron molecules for efficient cellular respiration?,['cell membrane']
How do multicellular organisms grow in size?,['by cell division']
Why do fish have short esophaguses?,['because they regurgitate their food']
We must remember that the formal charge calculated for an atom is not the actual charge of the atom in the molecule. formal charge is only a useful bookkeeping procedure; it does not indicate the presence of these?,['any real charge']
What cycle is part of cellular respiration and makes atp and naph?,['citric acid cycle']
What is the term for the relatively stable state inside the body of an animal?,['homeostasis']
What part of the male reproductive system is involved with the most common disorders?,['urethra']
"Which organelles, made of protein and ribosomal rna, build cellular proteins in the cytoplasm?",['proteins']
What is the watery fluid that bathes tissues and organs and contains protective white blood cells but does not contain erythrocytes?,['interstitial fluid']
What are the two most common silicates?,['quartz and feldspar']
What is the difference between oils and fats at room temperature?,['Oil has a melting point that is low enough to liquefy but the fat does not.']
What is the resultant waste product of photosynthesis?,['glucose']
What is the transfer of heat by physical contact?,['conduction']
Mollusks have a true coelom and a complete what?,['gut']
"Speed, loudness, and pitch are properties of what?",['sound']
What is the end product of glycolysis?,['2 ATP']
Cardiac muscle is found only in which part of the heart?,['atria']
How many types of basic sensory receptors are there?,['five']
"What absorbs, scatters, or reflects most incoming solar radiation in the atmosphere?",['greenhouse gases']
All chemical reactions involve both reactants and what else?,['products']
"When a car is brought to a stop by friction on level ground, it loses what?",['potential energy']
"Schrödinger’s approach uses three quantum numbers (n, l, and ml) to specify any of what type of function, associated with a particular energy?",['atomic orbital']
Which molecules are made of one carbon and four hydrogen atoms?,['carbons']
What kind of viscosity is found in long-chain hydrocarbons?,['low']
"Salicylic acid is used in the synthesis of acetylsalicylic acid, or more commonly called?",['aspirin']
What is telomere shortening associated with?,['aging']
Each species has a particular way of making a living which is called its what?,['niche']
"Fungi often make specialized reproductive structures, such as what?",['mushrooms']
"In sexual reproduction, the fusion of haploid gametes forms a diploid cell called what?",['zygote']
What is the process of breaking an individual into parts followed by regeneration called?,"['asexual reproduction In Part one of the exam, you will be asked a series of multiple-choice and drag-and-select questions. You will have 47 total minutes to complete all questions. You can return to questions later']"
How many calories of energy does one gram of protein provide?,['four']
How many ways are there for a species to go extinct?,"['a species may be destroyed by something outside of its niche, or it may be destroyed from inside its niche with a mutation or a disease. For additional information on AI, please consult: http://www.intelligence.org']"
What are alveoli?,['little air sacs in the lungs']
What is the cure of cancer known as?,['radiotherapy']
What protects the brain and spinal cord in the central nervous system?,['dura mater']
The name of a simple covalent compound can be determined from its chemical this?,['formula']
Photosynthesis is an endothermic reaction that gets its energy from what?,['solar energy']
"In the inner ear, the vibrations are changed to electrical signals by hair cells lining what?",['semicircular canals']
What gland secretes growth hormones?,['pituitary gland']
Compounds containing which element are the basis of all known life?,['carbon']
What is produced by the end of meiosis?,['sperm cell and egg cell']
What is the term for the total kinetic energy of moving particles of matter?,['mechanical energy']
What cells are the basis of nervous tissue?,['neuron']
What group of animals has adapted to live in both water and on land?,['Amphibians']
What is a reptiles skin covered in to protect them from drying out?,['scales']
What neurons carry nerve impulses from sense organs and internal organs to the central nervous system?,['sensory neurons']
The lens and other parts of the eye work together to focus a real image on what eye structure?,['retina']
What is defined as the ability to do work?,['energy']
What structure collect fluid that leaks out from blood capillaries?,['lymphatic system']
Where do angiosperms form seeds?,['ovary']
What is the study of how forces affect the motion of objects?,['a science based on the laws of physics to understand how the Universe works']
Earth's axis is an imaginary line passing through which poles?,['the North and South Pole']
"Radioactive atoms, nuclear explosions, and stars produce what types of rays.",['penetrative rays']
What are catalysts in living things called?,['enzymes']
What are the smallest particles of matter?,['atoms']
Convection is the heat transfer by the macroscopic movement of a what?,['fluid (water)']
What organs are considered the female gonads?,['ova']
A vapor light produces visible light by what process?,['radiative heat exchange']
"While the goal of science is to increase knowledge, the goal of what is to use knowledge for practical purposes?",['engineering']
What type of plants does human welfare depend greatly on?,['grains']
An object attached to a spring sliding on a frictionless surface is an uncomplicated type of what device?,['simple machine']
What happens to air density and pressure when gas molecules are warm?,['Expansion occurs in the volume and pressure TOP 10 TECH TRAINING PROVIDERS FUTURE LEADERS IN TECH Technology has become so integrated into the daily life that people are using g']
"The invention of the wheel is an example of what, which has the goal of solving human problems?",['technology']
What are by far the most common type of invertebrate?,['protists']
What is the broadest category in the linnaean system?,['phylum']
What type of bonds are formed between atoms sharing electrons?,['covalent bonds']
What does the ovule mature into after double fertilization?,['seed']
What type of mechanical weathering occurs when one rock bumps against another rock?,['physical weathering']
What do you call nutrients that your body needs in fairly large amounts?,['major-minor nutrients']
What is a rock that contains important minerals called?,['a mineral resource']
About how tall can mid-ocean ridges be?,['30-50 km']
What is the diffusion of water through a semipermeable membrane down its concentration gradient,['osmosis']
"Atoms of a given _______ are identical in size, mass, and other properties.",['element']
What type of change is undergone when the physical properties of a substance are changed?,['a chemical change']
What is the process called where nitrogen is repeatedly recycled through the biosphere?,['nitrogen fixation']
Where is dna located in prokaryotic cells?,['nucleoid (it is in the central region of cytoplasm)']
Sensory nerves carry nerve impulses from sensory receptors to what system?,['central system']
A moraine is sediment deposited by what?,['ice']
The rocks athe mid-ocean ridge are nearly free of what?,"['iron, silicon, magnesium, and aluminum']"
What begins with a diploid cell and ends with four haploid cells?,['meiosis']
What is part of a large fungus that lives underground?,['mycelium']
"If a lump of clay is dropped into water, what will occur?",['a rainbow forms']
Vertebrata are characterized by the presence of what?,['vertebrae']
"In many places, small hills rise above the ocean floor. these hills are undersea volcanoes, called what?",['seamount']
What branch of science is concerned with matter and the changes that it can undergo?,['physics']
What branch of science explains much of what you observe and do in your daily life?,['physics']
"Vertebrate animals have two major body cavities, the dorsal and what is the other?",['ventral']
What color is phosphate mineral turquoise?,['blue']
"What is the term for the ability of an atom to emit, or give off, charged particles and energy from its nucleus?",['radiation']
"Matrix is the term for the fluid-filled interior of what structure, where most of the cell’s atp is made?",['mitochondria']
What type of particle collides with an atom of u-235 during the basic nuclear fission process?,['neutron']
